Variable Name,Type,Description
conm,Char,Company Name (conm)
tic,Char,Ticker Symbol (tic)
cusip,Char,CUSIP (cusip)
cik,Char,CIK Number (cik)
exchg,Int,Stock Exchange Code (exchg)
fyr,Int,Fiscal Year-end Month (fyr)
fic,Char,Current ISO Country Code - Incorporation (fic)
add1,Char,Address Line 1 (add1)
add2,Char,Address Line 2 (add2)
add3,Char,Address Line 3 (add3)
add4,Char,Address Line 4 (add4)
addzip,Char,Postal Code (addzip)
busdesc,Char,S&P Business Description (busdesc)
city,Char,City (city)
conml,Char,Company Legal Name (conml)
county,Char,County Code (county)
dldte,Date,Research Company Deletion Date (dldte)
dlrsn,Char,Research Co Reason for Deletion (dlrsn)
ein,Char,Employer Identification Number (ein)
fax,Char,Fax Number (fax)
fyrc,Int,Current Fiscal Year End Month (fyrc)
ggroup,Char,GIC Groups (ggroup)
gind,Char,GIC Industries (gind)
gsector,Char,GIC Sectors (gsector)
gsubind,Char,GIC Sub-Industries (gsubind)
idbflag,Char,"International, Domestic, Both Indicator (idbflag)"
incorp,Char,Current State/Province of Incorporation Code (incorp)
ipodate,Date,Company Initial Public Offering Date (ipodate)
loc,Char,Current ISO Country Code - Headquarters (loc)
naics,Char,North American Industry Classification Code (naics)
phone,Char,Phone Number (phone)
prican,Char,Current Primary Issue Tag - Canada (prican)
prirow,Char,Primary Issue Tag - Rest of World (prirow)
priusa,Char,Current Primary Issue Tag - US (priusa)
sic,Char,Standard Industry Classification Code (sic)
spcindcd,Int,S&P Industry Sector Code (spcindcd)
spcseccd,Int,S&P Economic Sector Code (spcseccd)
spcsrc,Char,S&P Quality Ranking - Current (spcsrc)
state,Char,State/Province (state)
stko,Int,Stock Ownership Code (stko)
weburl,Char,Web URL (weburl)
acctchgq,Char,Adoption of Accounting Changes (acctchgq)
acctstdq,Char,Accounting Standard (acctstdq)
adrrq,Decimal,ADR Ratio (adrrq)
ajexq,Decimal,Adjustment Factor (Company) - Cumulative by Ex-Date (ajexq)
ajpq,Decimal,Adjustment Factor (Company) - Cumulative byPay-Date (ajpq)
apdedateq,Date,Actual Period End date (apdedateq)
bsprq,Char,Balance Sheet Presentation (bsprq)
compstq,Char,Comparability Status (compstq)
curncdq,Char,Native Currency Code (curncdq)
currtrq,Decimal,Currency Translation Rate (currtrq)
curuscnq,Decimal,US Canadian Translation Rate - Interim (curuscnq)
datacqtr,Char,Calendar Data Year and Quarter (datacqtr)
datafqtr,Char,Fiscal Data Year and Quarter (datafqtr)
fdateq,Date,Final Date (fdateq)
finalq,Char,Final Indicator Flag (finalq)
fqtr,Int,Fiscal Quarter (fqtr)
fyearq,Int,Fiscal Year (fyearq)
ogmq,Char,OIL & GAS METHOD (ogmq)
pdateq,Date,Preliminary Date (pdateq)
rdq,Date,Report Date of Quarterly Earnings (rdq)
rp,Char,Reporting Periodicity (rp)
scfq,Int,Cash Flow Model (scfq)
srcq,Int,Source Code (srcq)
staltq,Char,Status Alert (staltq)
updq,Int,Update Code (updq)
acchgq,Decimal,Accounting Changes - Cumulative Effect (acchgq)
acomincq,Decimal,Accumulated Other Comprehensive Income (Loss) (acomincq)
acoq,Decimal,Current Assets - Other - Total (acoq)
actq,Decimal,Current Assets - Total (actq)
altoq,Decimal,Other Long-term Assets (altoq)
ancq,Decimal,Non-Current Assets - Total (ancq)
anoq,Decimal,Assets Netting & Other Adjustments (anoq)
aociderglq,Decimal,Accum Other Comp Inc - Derivatives Unrealized Gain/Loss (aociderglq)
aociotherq,Decimal,Accum Other Comp Inc - Other Adjustments (aociotherq)
aocipenq,Decimal,Accum Other Comp Inc - Min Pension Liab Adj (aocipenq)
aocisecglq,Decimal,Accum Other Comp Inc - Unreal G/L Ret Int in Sec Assets (aocisecglq)
aol2q,Decimal,Assets Level2 (Observable) (aol2q)
aoq,Decimal,Assets - Other - Total (aoq)
apq,Decimal,Account Payable/Creditors - Trade (apq)
aqaq,Decimal,Acquisition/Merger After-Tax (aqaq)
aqdq,Decimal,Acquisition/Merger Diluted EPS Effect (aqdq)
aqepsq,Decimal,Acquisition/Merger Basic EPS Effect (aqepsq)
aqpl1q,Decimal,Assets Level1 (Quoted Prices) (aqpl1q)
aqpq,Decimal,Acquisition/Merger Pretax (aqpq)
arcedq,Decimal,As Reported Core - Diluted EPS Effect (arcedq)
arceepsq,Decimal,As Reported Core - Basic EPS Effect (arceepsq)
arceq,Decimal,As Reported Core - After-tax (arceq)
atq,Decimal,Assets - Total (atq)
aul3q,Decimal,Assets Level3 (Unobservable) (aul3q)
billexceq,Decimal,Billings in Excess of Cost & Earnings (billexceq)
capr1q,Decimal,Risk-Adjusted Capital Ratio - Tier 1 (capr1q)
capr2q,Decimal,Risk-Adjusted Capital Ratio - Tier 2 (capr2q)
capr3q,Decimal,Risk-Adjusted Capital Ratio - Combined (capr3q)
capsftq,Decimal,Capitalized Software (capsftq)
capsq,Decimal,Capital Surplus/Share Premium Reserve (capsq)
ceiexbillq,Decimal,Cost & Earnings in Excess of Billings (ceiexbillq)
ceqq,Decimal,Common/Ordinary Equity - Total (ceqq)
cheq,Decimal,Cash and Short-Term Investments (cheq)
chq,Decimal,Cash (chq)
cibegniq,Decimal,Comp Inc - Beginning Net Income (cibegniq)
cicurrq,Decimal,Comp Inc - Currency Trans Adj (cicurrq)
ciderglq,Decimal,Comp Inc - Derivative Gains/Losses (ciderglq)
cimiiq,Decimal,Comprehensive Income - Noncontrolling Interest (cimiiq)
ciotherq,Decimal,Comp Inc - Other Adj (ciotherq)
cipenq,Decimal,Comp Inc - Minimum Pension Adj (cipenq)
ciq,Decimal,Comprehensive Income - Total (ciq)
cisecglq,Decimal,Comp Inc - Securities Gains/Losses (cisecglq)
citotalq,Decimal,Comprehensive Income - Parent (citotalq)
cogsq,Decimal,Cost of Goods Sold (cogsq)
csh12q,Decimal,Common Shares Used to Calculate Earnings Per Share - 12 Months Moving (csh12q)
cshfd12,Decimal,Common Shares Used to Calc Earnings Per Share - Fully Diluted - 12 Months Moving (cshfd12)
cshfdq,Decimal,Com Shares for Diluted EPS (cshfdq)
cshiq,Decimal,Common Shares Issued (cshiq)
cshopq,Decimal,Total Shares Repurchased - Quarter (cshopq)
cshoq,Decimal,Common Shares Outstanding (cshoq)
cshprq,Decimal,Common Shares Used to Calculate Earnings Per Share - Basic (cshprq)
cstkcvq,Decimal,Carrying Value (cstkcvq)
cstkeq,Decimal,Common Stock Equivalents - Dollar Savings (cstkeq)
cstkq,Decimal,Common/Ordinary Stock (Capital) (cstkq)
dcomq,Decimal,Deferred Compensation (dcomq)
dd1q,Decimal,Long-Term Debt Due in One Year (dd1q)
deracq,Decimal,Derivative Assets - Current (deracq)
deraltq,Decimal,Derivative Assets Long-Term (deraltq)
derhedglq,Decimal,Gains/Losses on Derivatives and Hedging (derhedglq)
derlcq,Decimal,Derivative Liabilities- Current (derlcq)
derlltq,Decimal,Derivative Liabilities Long-Term (derlltq)
diladq,Decimal,Dilution Adjustment (diladq)
dilavq,Decimal,Dilution Available - Excluding Extraordinary Items (dilavq)
dlcq,Decimal,Debt in Current Liabilities (dlcq)
dlttq,Decimal,Long-Term Debt - Total (dlttq)
doq,Decimal,Discontinued Operations (doq)
dpacreq,Decimal,Accumulated Depreciation of RE Property (dpacreq)
dpactq,Decimal,"Depreciation, Depletion and Amortization (Accumulated) (dpactq)"
dpq,Decimal,Depreciation and Amortization - Total (dpq)
dpretq,Decimal,Depr/Amort of Property (dpretq)
drcq,Decimal,Deferred Revenue - Current (drcq)
drltq,Decimal,Deferred Revenue - Long-term (drltq)
dteaq,Decimal,Extinguishment of Debt After-tax (dteaq)
dtedq,Decimal,Extinguishment of Debt Diluted EPS Effect (dtedq)
dteepsq,Decimal,Extinguishment of Debt Basic EPS Effect (dteepsq)
dtepq,Decimal,Extinguishment of Debt Pretax (dtepq)
dvintfq,Decimal,Dividends & Interest Receivable (Cash Flow) (dvintfq)
dvpq,Decimal,Dividends - Preferred/Preference (dvpq)
epsf12,Decimal,Earnings Per Share (Diluted) - Excluding Extraordinary Items - 12 Months Moving (epsf12)
epsfi12,Decimal,Earnings Per Share (Diluted) - Including Extraordinary Items (epsfi12)
epsfiq,Decimal,Earnings Per Share (Diluted) - Including Extraordinary Items (epsfiq)
epsfxq,Decimal,Earnings Per Share (Diluted) - Excluding Extraordinary items (epsfxq)
epspi12,Decimal,Earnings Per Share (Basic) - Including Extraordinary Items - 12 Months Moving (epspi12)
epspiq,Decimal,Earnings Per Share (Basic) - Including Extraordinary Items (epspiq)
epspxq,Decimal,Earnings Per Share (Basic) - Excluding Extraordinary Items (epspxq)
epsx12,Decimal,Earnings Per Share (Basic) - Excluding Extraordinary Items - 12 Months Moving (epsx12)
esopctq,Decimal,Common ESOP Obligation - Total (esopctq)
esopnrq,Decimal,Preferred ESOP Obligation - Non-Redeemable (esopnrq)
esoprq,Decimal,Preferred ESOP Obligation - Redeemable (esoprq)
esoptq,Decimal,Preferred ESOP Obligation - Total (esoptq)
esubq,Decimal,Equity in Earnings (I/S) - Unconsolidated Subsidiaries (esubq)
fcaq,Decimal,Foreign Exchange Income (Loss) (fcaq)
ffoq,Decimal,Funds From Operations (REIT) (ffoq)
finacoq,Decimal,"Finance Division Other Current Assets, Total (finacoq)"
finaoq,Decimal,"Finance Division Other Long-Term Assets, Total (finaoq)"
finchq,Decimal,Finance Division - Cash (finchq)
findlcq,Decimal,Finance Division Long-Term Debt Current (findlcq)
findltq,Decimal,Finance Division Debt Long-Term (findltq)
finivstq,Decimal,Finance Division Short-Term Investments (finivstq)
finlcoq,Decimal,"Finance Division Other Current Liabilities, Total (finlcoq)"
finltoq,Decimal,"Finance Division Other Long Term Liabilities, Total (finltoq)"
finnpq,Decimal,Finance Division Notes Payable (finnpq)
finreccq,Decimal,Finance Division Current Receivables (finreccq)
finrecltq,Decimal,Finance Division Long-Term Receivables (finrecltq)
finrevq,Decimal,Finance Division Revenue (finrevq)
finxintq,Decimal,Finance Division Interest Expense (finxintq)
finxoprq,Decimal,Finance Division Operating Expense (finxoprq)
fyr,Int,Fiscal Year-end Month (fyr)
gdwlamq,Decimal,Amortization of Goodwill (gdwlamq)
gdwlia12,Decimal,Impairments of Goodwill AfterTax - 12mm (gdwlia12)
gdwliaq,Decimal,Impairment of Goodwill After-tax (gdwliaq)
gdwlid12,Decimal,Impairments Diluted EPS - 12mm (gdwlid12)
gdwlidq,Decimal,Impairment of Goodwill Diluted EPS Effect (gdwlidq)
gdwlieps12,Decimal,Impairment of Goodwill Basic EPS Effect 12MM (gdwlieps12)
gdwliepsq,Decimal,Impairment of Goodwill Basic EPS Effect (gdwliepsq)
gdwlipq,Decimal,Impairment of Goodwill Pretax (gdwlipq)
gdwlq,Decimal,Goodwill (net) (gdwlq)
glaq,Decimal,Gain/Loss After-Tax (glaq)
glcea12,Decimal,Gain/Loss on Sale (Core Earnings Adjusted) After-tax 12MM (glcea12)
glceaq,Decimal,Gain/Loss on Sale (Core Earnings Adjusted) After-tax (glceaq)
glced12,Decimal,Gain/Loss on Sale (Core Earnings Adjusted) Diluted EPS Effect 12MM (glced12)
glcedq,Decimal,Gain/Loss on Sale (Core Earnings Adjusted) Diluted EPS (glcedq)
glceeps12,Decimal,Gain/Loss on Sale (Core Earnings Adjusted) Basic EPS Effect 12MM (glceeps12)
glceepsq,Decimal,Gain/Loss on Sale (Core Earnings Adjusted) Basic EPS Effect (glceepsq)
glcepq,Decimal,Gain/Loss on Sale (Core Earnings Adjusted) Pretax (glcepq)
gldq,Decimal,Gain/Loss Diluted EPS Effect (gldq)
glepsq,Decimal,Gain/Loss Basic EPS Effect (glepsq)
glivq,Decimal,Gains/Losses on investments (glivq)
glpq,Decimal,Gain/Loss Pretax (glpq)
hedgeglq,Decimal,Gain/Loss on Ineffective Hedges (hedgeglq)
ibadj12,Decimal,Income Before Extra Items - Adj for Common Stock Equivalents - 12MM (ibadj12)
ibadjq,Decimal,Income Before Extraordinary Items - Adjusted for Common Stock Equivalents (ibadjq)
ibcomq,Decimal,Income Before Extraordinary Items - Available for Common (ibcomq)
ibmiiq,Decimal,Income before Extraordinary Items and Noncontrolling Interests (ibmiiq)
ibq,Decimal,Income Before Extraordinary Items (ibq)
icaptq,Decimal,Invested Capital - Total - Quarterly (icaptq)
intaccq,Decimal,Interest Accrued (intaccq)
intanoq,Decimal,Other Intangibles (intanoq)
intanq,Decimal,Intangible Assets - Total (intanq)
invfgq,Decimal,Inventory - Finished Goods (invfgq)
invoq,Decimal,Inventory - Other (invoq)
invrmq,Decimal,Inventory - Raw Materials (invrmq)
invtq,Decimal,Inventories - Total (invtq)
invwipq,Decimal,Inventory - Work in Process (invwipq)
ivaeqq,Decimal,Investment and Advances - Equity (ivaeqq)
ivaoq,Decimal,Investment and Advances - Other (ivaoq)
ivltq,Decimal,Total Long-term Investments (ivltq)
ivstq,Decimal,Short-Term Investments- Total (ivstq)
lcoq,Decimal,Current Liabilities - Other - Total (lcoq)
lctq,Decimal,Current Liabilities - Total (lctq)
lltq,Decimal,Long-Term Liabilities (Total) (lltq)
lnoq,Decimal,Liabilities Netting & Other Adjustments (lnoq)
lol2q,Decimal,Liabilities Level2 (Observable) (lol2q)
loq,Decimal,Liabilities - Other (loq)
loxdrq,Decimal,Liabilities - Other - Excluding Deferred Revenue (loxdrq)
lqpl1q,Decimal,Liabilities Level1 (Quoted Prices) (lqpl1q)
lseq,Decimal,Liabilities and Stockholders Equity - Total (lseq)
ltmibq,Decimal,Liabilities - Total and Noncontrolling Interest (ltmibq)
ltq,Decimal,Liabilities - Total (ltq)
lul3q,Decimal,Liabilities Level3 (Unobservable) (lul3q)
mibnq,Decimal,Noncontrolling Interests - Nonredeemable - Balance Sheet (mibnq)
mibq,Decimal,Noncontrolling Interest - Redeemable - Balance Sheet (mibq)
mibtq,Decimal,Noncontrolling Interests - Total - Balance Sheet (mibtq)
miiq,Decimal,Noncontrolling Interest - Income Account (miiq)
msaq,Decimal,Accum Other Comp Inc - Marketable Security Adjustments (msaq)
ncoq,Decimal,Net Charge-Offs (ncoq)
niitq,Decimal,Net Interest Income (Tax Equivalent) (niitq)
nimq,Decimal,Net Interest Margin (nimq)
niq,Decimal,Net Income (Loss) (niq)
nopiq,Decimal,Non-Operating Income (Expense) - Total (nopiq)
npatq,Decimal,Nonperforming Assets - Total (npatq)
npq,Decimal,Notes Payable (npq)
nrtxtdq,Decimal,Nonrecurring Income Taxes Diluted EPS Effect (nrtxtdq)
nrtxtepsq,Decimal,Nonrecurring Income Taxes Basic EPS Effect (nrtxtepsq)
nrtxtq,Decimal,Nonrecurring Income Taxes - After-tax (nrtxtq)
obkq,Decimal,Order backlog (obkq)
oepf12,Decimal,Earnings Per Share - Diluted - from Operations - 12MM (oepf12)
oeps12,Decimal,Earnings Per Share from Operations - 12 Months Moving (oeps12)
oepsxq,Decimal,Earnings Per Share - Diluted - from Operations (oepsxq)
oiadpq,Decimal,Operating Income After Depreciation - Quarterly (oiadpq)
oibdpq,Decimal,Operating Income Before Depreciation - Quarterly (oibdpq)
opepsq,Decimal,Earnings Per Share from Operations (opepsq)
optdrq,Decimal,Dividend Rate - Assumption (%) (optdrq)
optfvgrq,Decimal,Options - Fair Value of Options Granted (optfvgrq)
optlifeq,Decimal,Life of Options - Assumption (# yrs) (optlifeq)
optrfrq,Decimal,Risk Free Rate - Assumption (%) (optrfrq)
optvolq,Decimal,Volatility - Assumption (%) (optvolq)
piq,Decimal,Pretax Income (piq)
pllq,Decimal,Provision for Loan/Asset Losses (pllq)
pnc12,Decimal,Pension Core Adjustment - 12mm (pnc12)
pncd12,Decimal,Core Pension Adjustment Diluted EPS Effect 12MM (pncd12)
pncdq,Decimal,Core Pension Adjustment Diluted EPS Effect (pncdq)
pnceps12,Decimal,Core Pension Adjustment Basic EPS Effect 12MM (pnceps12)
pncepsq,Decimal,Core Pension Adjustment Basic EPS Effect (pncepsq)
pnciapq,Decimal,Core Pension Interest Adjustment After-tax Preliminary (pnciapq)
pnciaq,Decimal,Core Pension Interest Adjustment After-tax (pnciaq)
pncidpq,Decimal,Core Pension Interest Adjustment Diluted EPS Effect Preliminary (pncidpq)
pncidq,Decimal,Core Pension Interest Adjustment Diluted EPS Effect (pncidq)
pnciepspq,Decimal,Core Pension Interest Adjustment Basic EPS Effect Preliminary (pnciepspq)
pnciepsq,Decimal,Core Pension Interest Adjustment Basic EPS Effect (pnciepsq)
pncippq,Decimal,Core Pension Interest Adjustment Pretax Preliminary (pncippq)
pncipq,Decimal,Core Pension Interest Adjustment Pretax (pncipq)
pncpd12,Decimal,Core Pension Adjustment 12MM Diluted EPS Effect Preliminary (pncpd12)
pncpdq,Decimal,Core Pension Adjustment Diluted EPS Effect Preliminary (pncpdq)
pncpeps12,Decimal,Core Pension Adjustment 12MM Basic EPS Effect Preliminary (pncpeps12)
pncpepsq,Decimal,Core Pension Adjustment Basic EPS Effect Preliminary (pncpepsq)
pncpq,Decimal,Core Pension Adjustment Preliminary (pncpq)
pncq,Decimal,Core Pension Adjustment (pncq)
pncwiapq,Decimal,Core Pension w/o Interest Adjustment After-tax Preliminary (pncwiapq)
pncwiaq,Decimal,Core Pension w/o Interest Adjustment After-tax (pncwiaq)
pncwidpq,Decimal,Core Pension w/o Interest Adjustment Diluted EPS Effect Preliminary (pncwidpq)
pncwidq,Decimal,Core Pension w/o Interest Adjustment Diluted EPS Effect (pncwidq)
pncwiepq,Decimal,Core Pension w/o Interest Adjustment Basic EPS Effect Preliminary (pncwiepq)
pncwiepsq,Decimal,Core Pension w/o Interest Adjustment Basic EPS Effect (pncwiepsq)
pncwippq,Decimal,Core Pension w/o Interest Adjustment Pretax Preliminary (pncwippq)
pncwipq,Decimal,Core Pension w/o Interest Adjustment Pretax (pncwipq)
pnrshoq,Decimal,Nonred Pfd Shares Outs (000) - Quarterly (pnrshoq)
ppegtq,Decimal,"Property, Plant and Equipment - Total (Gross) - Quarterly (ppegtq)"
ppentq,Decimal,Property Plant and Equipment - Total (Net) (ppentq)
prcaq,Decimal,Core Post Retirement Adjustment (prcaq)
prcd12,Decimal,Core Post Retirement Adjustment Diluted EPS Effect 12MM (prcd12)
prcdq,Decimal,Core Post Retirement Adjustment Diluted EPS Effect (prcdq)
prce12,Decimal,Core Post Retirement Adjustment 12MM (prce12)
prceps12,Decimal,Core Post Retirement Adjustment Basic EPS Effect 12MM (prceps12)
prcepsq,Decimal,Core Post Retirement Adjustment Basic EPS Effect (prcepsq)
prcpd12,Decimal,Core Post Retirement Adjustment 12MM Diluted EPS Effect Preliminary (prcpd12)
prcpdq,Decimal,Core Post Retirement Adjustment Diluted EPS Effect Preliminary (prcpdq)
prcpeps12,Decimal,Core Post Retirement Adjustment 12MM Basic EPS Effect Preliminary (prcpeps12)
prcpepsq,Decimal,Core Post Retirement Adjustment Basic EPS Effect Preliminary (prcpepsq)
prcpq,Decimal,Core Post Retirement Adjustment Preliminary (prcpq)
prcraq,Decimal,Repurchase Price - Average per share Quarter (prcraq)
prshoq,Decimal,Redeem Pfd Shares Outs (000) (prshoq)
pstknq,Decimal,Preferred/Preference Stock - Nonredeemable (pstknq)
pstkq,Decimal,Preferred/Preference Stock (Capital) - Total (pstkq)
pstkrq,Decimal,Preferred/Preference Stock - Redeemable (pstkrq)
rcaq,Decimal,Restructuring Cost After-tax (rcaq)
rcdq,Decimal,Restructuring Cost Diluted EPS Effect (rcdq)
rcepsq,Decimal,Restructuring Cost Basic EPS Effect (rcepsq)
rcpq,Decimal,Restructuring Cost Pretax (rcpq)
rdipaq,Decimal,In Process R&D Expense After-tax (rdipaq)
rdipdq,Decimal,In Process R&D Expense Diluted EPS Effect (rdipdq)
rdipepsq,Decimal,In Process R&D Expense Basic EPS Effect (rdipepsq)
rdipq,Decimal,In Process R&D (rdipq)
recdq,Decimal,Receivables - Estimated Doubtful (recdq)
rectaq,Decimal,Accum Other Comp Inc - Cumulative Translation Adjustments (rectaq)
rectoq,Decimal,Receivables - Current Other incl Tax Refunds (rectoq)
rectq,Decimal,Receivables - Total (rectq)
rectrq,Decimal,Receivables - Trade (rectrq)
recubq,Decimal,Unbilled Receivables - Quarterly (recubq)
req,Decimal,Retained Earnings (req)
retq,Decimal,Total RE Property (retq)
reunaq,Decimal,Unadjusted Retained Earnings (reunaq)
revtq,Decimal,Revenue - Total (revtq)
rllq,Decimal,Reserve for Loan/Asset Losses (rllq)
rra12,Decimal,Reversal - Restructruring/Acquisition Aftertax 12MM (rra12)
rraq,Decimal,Reversal - Restructruring/Acquisition Aftertax (rraq)
rrd12,Decimal,Reversal - Restructuring/Acq Diluted EPS Effect 12MM (rrd12)
rrdq,Decimal,Reversal - Restructuring/Acq Diluted EPS Effect (rrdq)
rreps12,Decimal,Reversal - Restructuring/Acq Basic EPS Effect 12MM (rreps12)
rrepsq,Decimal,Reversal - Restructuring/Acq Basic EPS Effect (rrepsq)
rrpq,Decimal,Reversal - Restructruring/Acquisition Pretax (rrpq)
rstcheltq,Decimal,Long-Term Restricted Cash & Investments (rstcheltq)
rstcheq,Decimal,Restricted Cash & Investments - Current (rstcheq)
saleq,Decimal,Sales/Turnover (Net) (saleq)
seqoq,Decimal,Other Stockholders- Equity Adjustments (seqoq)
seqq,Decimal,Stockholders Equity > Parent > Index Fundamental > Quarterly (seqq)
seta12,Decimal,Settlement (Litigation/Insurance) AfterTax - 12mm (seta12)
setaq,Decimal,Settlement (Litigation/Insurance) After-tax (setaq)
setd12,Decimal,Settlement (Litigation/Insurance) Diluted EPS Effect 12MM (setd12)
setdq,Decimal,Settlement (Litigation/Insurance) Diluted EPS Effect (setdq)
seteps12,Decimal,Settlement (Litigation/Insurance) Basic EPS Effect 12MM (seteps12)
setepsq,Decimal,Settlement (Litigation/Insurance) Basic EPS Effect (setepsq)
setpq,Decimal,Settlement (Litigation/Insurance) Pretax (setpq)
spce12,Decimal,S&P Core Earnings 12MM (spce12)
spced12,Decimal,S&P Core Earnings EPS Diluted 12MM (spced12)
spcedpq,Decimal,S&P Core Earnings EPS Diluted - Preliminary (spcedpq)
spcedq,Decimal,S&P Core Earnings EPS Diluted (spcedq)
spceeps12,Decimal,S&P Core Earnings EPS Basic 12MM (spceeps12)
spceepsp12,Decimal,S&P Core 12MM EPS - Basic - Preliminary (spceepsp12)
spceepspq,Decimal,S&P Core Earnings EPS Basic - Preliminary (spceepspq)
spceepsq,Decimal,S&P Core Earnings EPS Basic (spceepsq)
spcep12,Decimal,S&P Core Earnings 12MM - Preliminary (spcep12)
spcepd12,Decimal,S&P Core Earnings 12MM EPS Diluted - Preliminary (spcepd12)
spcepq,Decimal,S&P Core Earnings - Preliminary (spcepq)
spceq,Decimal,S&P Core Earnings (spceq)
spidq,Decimal,Other Special Items Diluted EPS Effect (spidq)
spiepsq,Decimal,Other Special Items Basic EPS Effect (spiepsq)
spioaq,Decimal,Other Special Items After-tax (spioaq)
spiopq,Decimal,Other Special Items Pretax (spiopq)
spiq,Decimal,Special Items (spiq)
sretq,Decimal,Gain/Loss on Sale of Property (sretq)
stkcoq,Decimal,Stock Compensation Expense (stkcoq)
stkcpaq,Decimal,After-tax stock compensation (stkcpaq)
teqq,Decimal,Stockholders Equity - Total (teqq)
tfvaq,Decimal,Total Fair Value Assets (tfvaq)
tfvceq,Decimal,Total Fair Value Changes including Earnings (tfvceq)
tfvlq,Decimal,Total Fair Value Liabilities (tfvlq)
tieq,Decimal,Interest Expense - Total (Financial Services) (tieq)
tiiq,Decimal,Interest Income - Total (Financial Services) (tiiq)
tstknq,Decimal,Treasury Stock - Number of Common Shares (tstknq)
tstkq,Decimal,Treasury Stock - Total (All Capital) (tstkq)
txdbaq,Decimal,Deferred Tax Asset - Long Term (txdbaq)
txdbcaq,Decimal,Current Deferred Tax Asset (txdbcaq)
txdbclq,Decimal,Current Deferred Tax Liability (txdbclq)
txdbq,Decimal,Deferred Taxes - Balance Sheet (txdbq)
txdiq,Decimal,Income Taxes - Deferred (txdiq)
txditcq,Decimal,Deferred Taxes and Investment Tax Credit (txditcq)
txpq,Decimal,Income Taxes Payable (txpq)
txtq,Decimal,Income Taxes - Total (txtq)
txwq,Decimal,Excise Taxes (txwq)
uacoq,Decimal,Current Assets - Other - Utility (uacoq)
uaoq,Decimal,Other Assets - Utility (uaoq)
uaptq,Decimal,Accounts Payable - Utility (uaptq)
ucapsq,Decimal,Paid In Capital - Other - Utility (ucapsq)
ucconsq,Decimal,Contributions In Aid Of Construction (ucconsq)
uceqq,Decimal,Common Equity - Total - Utility (uceqq)
uddq,Decimal,Debt (Debentures) - Utility (uddq)
udmbq,Decimal,Debt (Mortgage Bonds) (udmbq)
udoltq,Decimal,Debt (Other Long-Term) (udoltq)
udpcoq,Decimal,Debt (Pollution Control Obligations) (udpcoq)
udvpq,Decimal,Preferred Dividend Requirements (udvpq)
ugiq,Decimal,Gross Income (Income Before Interest Charges) (ugiq)
uinvq,Decimal,Inventories (uinvq)
ulcoq,Decimal,Current Liabilities - Other (ulcoq)
uniamiq,Decimal,Net Income before Extraordinary Items After Noncontrolling Interest (uniamiq)
unopincq,Decimal,Nonoperating Income (Net) - Other (unopincq)
uopiq,Decimal,Operating Income - Total - Utility (uopiq)
updvpq,Decimal,Preference Dividend Requirements - Utility (updvpq)
upmcstkq,Decimal,Premium On Common Stock - Utility (upmcstkq)
upmpfq,Decimal,Premium On Preferred Stock - Utility (upmpfq)
upmpfsq,Decimal,Premium On Preference Stock - Utility (upmpfsq)
upmsubpq,Decimal,Premium On Subsidiary Preferred Stock - Utility (upmsubpq)
upstkcq,Decimal,Preference Stock At Carrying Value - Utility (upstkcq)
upstkq,Decimal,Preferred Stock At Carrying Value - Utility (upstkq)
urectq,Decimal,Receivables (Net) - Utility (urectq)
uspiq,Decimal,Special Items - Utility (uspiq)
usubdvpq,Decimal,Subsidiary Preferred Dividends - Utility (usubdvpq)
usubpcvq,Decimal,Subsidiary Preferred Stock At Carrying Value - Utility (usubpcvq)
utemq,Decimal,Maintenance Expense - Total (utemq)
wcapq,Decimal,Working Capital (Balance Sheet) (wcapq)
wdaq,Decimal,Writedowns After-tax (wdaq)
wddq,Decimal,Writedowns Diluted EPS Effect (wddq)
wdepsq,Decimal,Writedowns Basic EPS Effect (wdepsq)
wdpq,Decimal,Writedowns Pretax (wdpq)
xaccq,Decimal,Accrued Expenses (xaccq)
xidoq,Decimal,Extraordinary Items and Discontinued Operations (xidoq)
xintq,Decimal,Interest and Related Expense- Total (xintq)
xiq,Decimal,Extraordinary Items (xiq)
xoprq,Decimal,Operating Expense- Total (xoprq)
xopt12,Decimal,Implied Option Expense - 12mm (xopt12)
xoptd12,Decimal,Implied Option EPS Diluted 12MM (xoptd12)
xoptd12p,Decimal,Implied Option 12MM EPS Diluted Preliminary (xoptd12p)
xoptdq,Decimal,Implied Option EPS Diluted (xoptdq)
xoptdqp,Decimal,Implied Option EPS Diluted Preliminary (xoptdqp)
xopteps12,Decimal,Implied Option EPS Basic 12MM (xopteps12)
xoptepsp12,Decimal,Implied Option 12MM EPS Basic Preliminary (xoptepsp12)
xoptepsq,Decimal,Implied Option EPS Basic (xoptepsq)
xoptepsqp,Decimal,Implied Option EPS Basic Preliminary (xoptepsqp)
xoptq,Decimal,Implied Option Expense (xoptq)
xoptqp,Decimal,Implied Option Expense Preliminary (xoptqp)
xrdq,Decimal,Research and Development Expense (xrdq)
xsgaq,Decimal,"Selling, General and Administrative Expenses (xsgaq)"
curcdq,Char,ISO Currency Code (curcdq)
acchgy,Decimal,Accounting Changes - Cumulative Effect (acchgy)
afudccy,Decimal,Allowance for Funds Used During Construction (Cash Flow) (afudccy)
afudciy,Decimal,Allowance for Funds Used During Construction (Investing) (Cash Flow) (afudciy)
amcy,Decimal,Amortization (Cash Flow) (amcy)
aolochy,Decimal,Assets and Liabilities - Other (Net Change) (aolochy)
apalchy,Decimal,Accounts Payable and Accrued Liabilities - Increase (Decrease) (apalchy)
aqay,Decimal,Acquisition/Merger After-Tax (aqay)
aqcy,Decimal,Acquisitions (aqcy)
aqdy,Decimal,Acquisition/Merger Diluted EPS Effect (aqdy)
aqepsy,Decimal,Acquisition/Merger Basic EPS Effect (aqepsy)
aqpy,Decimal,Acquisition/Merger Pretax (aqpy)
arcedy,Decimal,As Reported Core - Diluted EPS Effect (arcedy)
arceepsy,Decimal,As Reported Core - Basic EPS Effect (arceepsy)
arcey,Decimal,As Reported Core - After-tax (arcey)
capxy,Decimal,Capital Expenditures (capxy)
cdvcy,Decimal,Cash Dividends on Common Stock (Cash Flow) (cdvcy)
chechy,Decimal,Cash and Cash Equivalents - Increase (Decrease) (chechy)
cibegniy,Decimal,Comp Inc - Beginning Net Income (cibegniy)
cicurry,Decimal,Comp Inc - Currency Trans Adj (cicurry)
cidergly,Decimal,Comp Inc - Derivative Gains/Losses (cidergly)
cimiiy,Decimal,Comprehensive Income - Noncontrolling Interest (cimiiy)
ciothery,Decimal,Comp Inc - Other Adj (ciothery)
cipeny,Decimal,Comp Inc - Minimum Pension Adj (cipeny)
cisecgly,Decimal,Comp Inc - Securities Gains/Losses (cisecgly)
citotaly,Decimal,Comprehensive Income - Parent (citotaly)
ciy,Decimal,Comprehensive Income - Total (ciy)
cogsy,Decimal,Cost of Goods Sold (cogsy)
cshfdy,Decimal,Com Shares for Diluted EPS (cshfdy)
cshpry,Decimal,Common Shares Used to Calculate Earnings Per Share - Basic (cshpry)
cstkey,Decimal,Common Stock Equivalents - Dollar Savings (cstkey)
depcy,Decimal,Depreciation and Depletion (Cash Flow) (depcy)
derhedgly,Decimal,Gains/Losses on Derivatives and Hedging (derhedgly)
dilady,Decimal,Dilution Adjustment (dilady)
dilavy,Decimal,Dilution Available - Excluding Extraordinary Items (dilavy)
dlcchy,Decimal,Changes in Current Debt (dlcchy)
dltisy,Decimal,Long-Term Debt - Issuance (dltisy)
dltry,Decimal,Long-Term Debt - Reduction (dltry)
doy,Decimal,Discontinued Operations (doy)
dpcy,Decimal,Depreciation and Amortization - Statement of Cash Flows (dpcy)
dprety,Decimal,Depr/Amort of Property (dprety)
dpy,Decimal,Depreciation and Amortization - Total (dpy)
dteay,Decimal,Extinguishment of Debt After-tax (dteay)
dtedy,Decimal,Extinguishment of Debt Diluted EPS Effect (dtedy)
dteepsy,Decimal,Extinguishment of Debt Basic EPS Effect (dteepsy)
dtepy,Decimal,Extinguishment of Debt Pretax (dtepy)
dvpy,Decimal,Dividends - Preferred/Preference (dvpy)
dvy,Decimal,Cash Dividends (dvy)
epsfiy,Decimal,Earnings Per Share (Diluted) - Including Extraordinary Items (epsfiy)
epsfxy,Decimal,Earnings Per Share (Diluted) - Excluding Extraordinary items (epsfxy)
epspiy,Decimal,Earnings Per Share (Basic) - Including Extraordinary Items (epspiy)
epspxy,Decimal,Earnings Per Share (Basic) - Excluding Extraordinary Items (epspxy)
esubcy,Decimal,Equity in Net Loss/Earnings (C/F) (esubcy)
esuby,Decimal,Equity in Earnings (I/S)- Unconsolidated Subsidiaries (esuby)
exrey,Decimal,Exchange Rate Effect (exrey)
fcay,Decimal,Foreign Exchange Income (Loss) (fcay)
ffoy,Decimal,Funds From Operations (REIT) (ffoy)
fiaoy,Decimal,Financing Activities - Other (fiaoy)
fincfy,Decimal,Financing Activities - Net Cash Flow (fincfy)
finrevy,Decimal,Finance Division Revenue (finrevy)
finxinty,Decimal,Finance Division Interest Expense (finxinty)
finxopry,Decimal,Finance Division Operating Expense (finxopry)
fopoxy,Decimal,Funds from Operations - Other excluding Option Tax Benefit (fopoxy)
fopoy,Decimal,Funds from Operations - Other (fopoy)
fopty,Decimal,Funds From Operations - Total (fopty)
fsrcoy,Decimal,Sources of Funds - Other (fsrcoy)
fsrcty,Decimal,Sources of Funds - Total (fsrcty)
fuseoy,Decimal,Uses of Funds - Other (fuseoy)
fusety,Decimal,Uses of Funds - Total (fusety)
fyr,Int,Fiscal Year-end Month (fyr)
gdwlamy,Decimal,Amortization of Goodwill (gdwlamy)
gdwliay,Decimal,Impairment of Goodwill After-tax (gdwliay)
gdwlidy,Decimal,Impairment of Goodwill Diluted EPS Effect (gdwlidy)
gdwliepsy,Decimal,Impairment of Goodwill Basic EPS Effect (gdwliepsy)
gdwlipy,Decimal,Impairment of Goodwill Pretax (gdwlipy)
glay,Decimal,Gain/Loss After-Tax (glay)
glceay,Decimal,Gain/Loss on Sale (Core Earnings Adjusted) After-tax (glceay)
glcedy,Decimal,Gain/Loss on Sale (Core Earnings Adjusted) Diluted EPS (glcedy)
glceepsy,Decimal,Gain/Loss on Sale (Core Earnings Adjusted) Basic EPS Effect (glceepsy)
glcepy,Decimal,Gain/Loss on Sale (Core Earnings Adjusted) Pretax (glcepy)
gldy,Decimal,Gain/Loss Diluted EPS Effect (gldy)
glepsy,Decimal,Gain/Loss Basic EPS Effect (glepsy)
glivy,Decimal,Gains/Losses on investments (glivy)
glpy,Decimal,Gain/Loss Pretax (glpy)
hedgegly,Decimal,Gain/Loss on Ineffective Hedges (hedgegly)
ibadjy,Decimal,Income Before Extraordinary Items - Adjusted for Common Stock Equivalents (ibadjy)
ibcomy,Decimal,Income Before Extraordinary Items - Available for Common (ibcomy)
ibcy,Decimal,Income Before Extraordinary Items - Statement of Cash Flows (ibcy)
ibmiiy,Decimal,Income before Extraordinary Items and Noncontrolling Interests (ibmiiy)
iby,Decimal,Income Before Extraordinary Items (iby)
intpny,Decimal,Interest Paid - Net (intpny)
invchy,Decimal,Inventory - Decrease (Increase) (invchy)
itccy,Decimal,Investment Tax Credit - Net (Cash Flow) (itccy)
ivacoy,Decimal,Investing Activities - Other (ivacoy)
ivchy,Decimal,Increase in Investments (ivchy)
ivncfy,Decimal,Investing Activities - Net Cash Flow (ivncfy)
ivstchy,Decimal,Short-Term Investments - Change (ivstchy)
miiy,Decimal,Noncontrolling Interest - Income Account (miiy)
ncoy,Decimal,Net Charge-Offs (ncoy)
niity,Decimal,Net Interest Income (Tax Equivalent) (niity)
nimy,Decimal,Net Interest Margin (nimy)
niy,Decimal,Net Income (Loss) (niy)
nopiy,Decimal,Non-Operating Income (Expense) - Total (nopiy)
nrtxtdy,Decimal,Nonrecurring Income Taxes Diluted EPS Effect (nrtxtdy)
nrtxtepsy,Decimal,Nonrecurring Income Taxes Basic EPS Effect (nrtxtepsy)
nrtxty,Decimal,Nonrecurring Income Taxes - After-tax (nrtxty)
oancfy,Decimal,Operating Activities - Net Cash Flow (oancfy)
oepsxy,Decimal,Earnings Per Share - Diluted - from Operations (oepsxy)
oiadpy,Decimal,Operating Income After Depreciation - Year-to-Date (oiadpy)
oibdpy,Decimal,Operating Income Before Depreciation (oibdpy)
opepsy,Decimal,Earnings Per Share from Operations (opepsy)
optdry,Decimal,Dividend Rate - Assumption (%) (optdry)
optfvgry,Decimal,Options - Fair Value of Options Granted (optfvgry)
optlifey,Decimal,Life of Options - Assumption (# yrs) (optlifey)
optrfry,Decimal,Risk Free Rate - Assumption (%) (optrfry)
optvoly,Decimal,Volatility - Assumption (%) (optvoly)
pdvcy,Decimal,Cash Dividends on Preferred/Preference Stock (Cash Flow) (pdvcy)
piy,Decimal,Pretax Income (piy)
plly,Decimal,Provision for Loan/Asset Losses (plly)
pncdy,Decimal,Core Pension Adjustment Diluted EPS Effect (pncdy)
pncepsy,Decimal,Core Pension Adjustment Basic EPS Effect (pncepsy)
pnciapy,Decimal,Core Pension Interest Adjustment After-tax Preliminary (pnciapy)
pnciay,Decimal,Core Pension Interest Adjustment After-tax (pnciay)
pncidpy,Decimal,Core Pension Interest Adjustment Diluted EPS Effect Preliminary (pncidpy)
pncidy,Decimal,Core Pension Interest Adjustment Diluted EPS Effect (pncidy)
pnciepspy,Decimal,Core Pension Interest Adjustment Basic EPS Effect Preliminary (pnciepspy)
pnciepsy,Decimal,Core Pension Interest Adjustment Basic EPS Effect (pnciepsy)
pncippy,Decimal,Core Pension Interest Adjustment Pretax Preliminary (pncippy)
pncipy,Decimal,Core Pension Interest Adjustment Pretax (pncipy)
pncpdy,Decimal,Core Pension Adjustment Diluted EPS Effect Preliminary (pncpdy)
pncpepsy,Decimal,Core Pension Adjustment Basic EPS Effect Preliminary (pncpepsy)
pncpy,Decimal,Core Pension Adjustment Preliminary (pncpy)
pncwiapy,Decimal,Core Pension w/o Interest Adjustment After-tax Preliminary (pncwiapy)
pncwiay,Decimal,Core Pension w/o Interest Adjustment After-tax (pncwiay)
pncwidpy,Decimal,Core Pension w/o Interest Adjustment Diluted EPS Effect Preliminary (pncwidpy)
pncwidy,Decimal,Core Pension w/o Interest Adjustment Diluted EPS Effect (pncwidy)
pncwiepsy,Decimal,Core Pension w/o Interest Adjustment Basic EPS Effect (pncwiepsy)
pncwiepy,Decimal,Core Pension w/o Interest Adjustment Basic EPS Effect Preliminary (pncwiepy)
pncwippy,Decimal,Core Pension w/o Interest Adjustment Pretax Preliminary (pncwippy)
pncwipy,Decimal,Core Pension w/o Interest Adjustment Pretax (pncwipy)
pncy,Decimal,Core Pension Adjustment (pncy)
prcay,Decimal,Core Post Retirement Adjustment (prcay)
prcdy,Decimal,Core Post Retirement Adjustment Diluted EPS Effect (prcdy)
prcepsy,Decimal,Core Post Retirement Adjustment Basic EPS Effect (prcepsy)
prcpdy,Decimal,Core Post Retirement Adjustment Diluted EPS Effect Preliminary (prcpdy)
prcpepsy,Decimal,Core Post Retirement Adjustment Basic EPS Effect Preliminary (prcpepsy)
prcpy,Decimal,Core Post Retirement Adjustment Preliminary (prcpy)
prstkccy,Decimal,Purchase of Common Stock (Cash Flow) (prstkccy)
prstkcy,Decimal,Purchase of Common and Preferred Stock (prstkcy)
prstkpcy,Decimal,Purchase of Preferred/Preference Stock (Cash Flow) (prstkpcy)
rcay,Decimal,Restructuring Cost After-tax (rcay)
rcdy,Decimal,Restructuring Cost Diluted EPS Effect (rcdy)
rcepsy,Decimal,Restructuring Cost Basic EPS Effect (rcepsy)
rcpy,Decimal,Restructuring Cost Pretax (rcpy)
rdipay,Decimal,In Process R&D Expense After-tax (rdipay)
rdipdy,Decimal,In Process R&D Expense Diluted EPS Effect (rdipdy)
rdipepsy,Decimal,In Process R&D Expense Basic EPS Effect (rdipepsy)
rdipy,Decimal,In Process R&D (rdipy)
recchy,Decimal,Accounts Receivable - Decrease (Increase) (recchy)
revty,Decimal,Revenue - Total (revty)
rray,Decimal,Reversal - Restructruring/Acquisition Aftertax (rray)
rrdy,Decimal,Reversal - Restructuring/Acq Diluted EPS Effect (rrdy)
rrepsy,Decimal,Reversal - Restructuring/Acq Basic EPS Effect (rrepsy)
rrpy,Decimal,Reversal - Restructruring/Acquisition Pretax (rrpy)
saley,Decimal,Sales/Turnover (Net) (saley)
scstkcy,Decimal,Sale of Common Stock (Cash Flow) (scstkcy)
setay,Decimal,Settlement (Litigation/Insurance) After-tax (setay)
setdy,Decimal,Settlement (Litigation/Insurance) Diluted EPS Effect (setdy)
setepsy,Decimal,Settlement (Litigation/Insurance) Basic EPS Effect (setepsy)
setpy,Decimal,Settlement (Litigation/Insurance) Pretax (setpy)
sivy,Decimal,Sale of Investments (sivy)
spcedpy,Decimal,S&P Core Earnings EPS Diluted - Preliminary (spcedpy)
spcedy,Decimal,S&P Core Earnings EPS Diluted (spcedy)
spceepspy,Decimal,S&P Core Earnings EPS Basic - Preliminary (spceepspy)
spceepsy,Decimal,S&P Core Earnings EPS Basic (spceepsy)
spcepy,Decimal,S&P Core Earnings - Preliminary (spcepy)
spcey,Decimal,S&P Core Earnings (spcey)
spidy,Decimal,Other Special Items Diluted EPS Effect (spidy)
spiepsy,Decimal,Other Special Items Basic EPS Effect (spiepsy)
spioay,Decimal,Other Special Items After-tax (spioay)
spiopy,Decimal,Other Special Items Pretax (spiopy)
spiy,Decimal,Special Items (spiy)
sppey,Decimal,Sale of Property (sppey)
sppivy,Decimal,Sale of PP&E and Investments - (Gain) Loss (sppivy)
spstkcy,Decimal,Sale of Preferred/Preference Stock (Cash Flow) (spstkcy)
srety,Decimal,Gain/Loss on Sale of Property (srety)
sstky,Decimal,Sale of Common and Preferred Stock (sstky)
stkcoy,Decimal,Stock Compensation Expense (stkcoy)
stkcpay,Decimal,After-tax stock compensation (stkcpay)
tdcy,Decimal,Deferred Income Taxes - Net (Cash Flow) (tdcy)
tfvcey,Decimal,Total Fair Value Changes including Earnings (tfvcey)
tiey,Decimal,Interest Expense - Total (Financial Services) (tiey)
tiiy,Decimal,Interest Income - Total (Financial Services) (tiiy)
tsafcy,Decimal,Total Srcs of Funds (FOF) (tsafcy)
txachy,Decimal,Income Taxes - Accrued - Increase (Decrease) (txachy)
txbcofy,Decimal,Excess Tax Benefit of Stock Options - Cash Flow Financing (txbcofy)
txbcoy,Decimal,Excess Tax Benefit of Stock Options - Cash Flow Operating (txbcoy)
txdcy,Decimal,Deferred Taxes (Statement of Cash Flows) (txdcy)
txdiy,Decimal,Income Taxes - Deferred (txdiy)
txpdy,Decimal,Income Taxes Paid (txpdy)
txty,Decimal,Income Taxes - Total (txty)
txwy,Decimal,Excise Taxes (txwy)
uaolochy,Decimal,Other Assets and Liabilities - Net Change (Statement of Cash Flows) (uaolochy)
udfccy,Decimal,Deferred Fuel - Increase (Decrease) (Statement of Cash Flows) (udfccy)
udvpy,Decimal,Preferred Dividend Requirements - Utility (udvpy)
ufretsdy,Decimal,Tot Funds Ret ofSec&STD (FOF) (ufretsdy)
ugiy,Decimal,Gross Income (Income Before Interest Charges) - Utility (ugiy)
uniamiy,Decimal,Net Income before Extraordinary Items After Noncontrolling Interest - Utility (uniamiy)
unopincy,Decimal,Nonoperating Income (Net) - Other - Utility (unopincy)
unwccy,Decimal,Inc(Dec)Working Cap (FOF) (unwccy)
uoisy,Decimal,Other Internal Sources - Net (Cash Flow) (uoisy)
updvpy,Decimal,Preference Dividend Requirements - Utility (updvpy)
uptacy,Decimal,Utility Plant - Gross Additions (Cash Flow) (uptacy)
uspiy,Decimal,Special Items - Utility (uspiy)
ustdncy,Decimal,Net Decr in ST Debt (FOF) (ustdncy)
usubdvpy,Decimal,Subsidiary Preferred Dividends - Utility (usubdvpy)
utfdocy,Decimal,Total Funds From Ops (FOF) (utfdocy)
utfoscy,Decimal,Tot Funds Frm Outside Sources (FOF) (utfoscy)
utmey,Decimal,Maintenance Expense - Total (utmey)
uwkcapcy,Decimal,Dec(Inc) in Working Capital (FOF) (uwkcapcy)
wcapchy,Decimal,Working Capital Changes - Total (wcapchy)
wcapcy,Decimal,Working Capital Change - Other - Increase/(Decrease) (wcapcy)
wday,Decimal,Writedowns After-tax (wday)
wddy,Decimal,Writedowns Diluted EPS Effect (wddy)
wdepsy,Decimal,Writedowns Basic EPS Effect (wdepsy)
wdpy,Decimal,Writedowns Pretax (wdpy)
xidocy,Decimal,Extraordinary Items and Discontinued Operations (Statement of Cash Flows) (xidocy)
xidoy,Decimal,Extraordinary Items and Discontinued Operations (xidoy)
xinty,Decimal,Interest and Related Expense- Total (xinty)
xiy,Decimal,Extraordinary Items (xiy)
xopry,Decimal,Operating Expense- Total (xopry)
xoptdqpy,Decimal,Implied Option EPS Diluted Preliminary (xoptdqpy)
xoptdy,Decimal,Implied Option EPS Diluted (xoptdy)
xoptepsqpy,Decimal,Implied Option EPS Basic Preliminary (xoptepsqpy)
xoptepsy,Decimal,Implied Option EPS Basic (xoptepsy)
xoptqpy,Decimal,Implied Option Expense Preliminary (xoptqpy)
xopty,Decimal,Implied Option Expense (xopty)
xrdy,Decimal,Research and Development Expense (xrdy)
xsgay,Decimal,"Selling, General and Administrative Expenses (xsgay)"
adjex,Decimal,Cumulative Adjustment Factor by Ex-Date (adjex)
cshtrq,Decimal,Common Shares Traded - Quarter (cshtrq)
dvpspq,Decimal,Dividends per Share - Pay Date - Quarter (dvpspq)
dvpsxq,Decimal,Div per Share - Exdate - Quarter (dvpsxq)
mkvaltq,Decimal,Market Value - Total (mkvaltq)
prccq,Decimal,Price Close - Quarter (prccq)
prchq,Decimal,Price High - Quarter (prchq)
prclq,Decimal,Price Low - Quarter (prclq)
